Title,Company,Location,Date Posted,Job URL
Associate Software Developer,Miles IT,Miles ITRemote,,https://in.indeed.com/pagead/clk?mo=r&ad=-6NYlbfkN0BVdf1B6PmM0EbVgUWLOgQvNQRrNviRWdVUeK6ei5hun9sQv34olBsrh2tCHe169GchMChFdzGzT2_yTShEynqDtCUxbtKprlloRDXcwt2TjRrFy6-Z7qrdjc493Jp_J4GgU2WGxvb7_GLzZk4eOnl_fz_asVGcJXuj7JBEJst_HkMgN-Whw6MwNYwbvVI28jxBI_zefBxnQcGFd7HcfbASC22OOu2OBzEGTIHt_lPgsUvKCi1INdn0JSXM1NXMr4F4djQ1BHgM3uuacoA7pEqkVxveYQXEDsgWxe0tSIc9Xf7O4Uyxi_buBzE8LirKc3B0e73oWCBuoN3g3RF03-_YFt_CEcbtZrwNFIFJx4BFlmWb51yXvBGJmZcN9gFFhE6BVvJJEuthA4jjgsTmCpKhobx-o8aGM3kqn-3WPE-NKKOIp3_lZHIUAweqLnh_YmU02fpjGo4u5FNeM4UDQfKwDjK7WsCT7lf7pFOo3_ajUIHsYlAIjf8-dPXWXIARRXazWtnyeuEcl29Q1Wm2_nkoKssyUwxh_Lo6wMpBHdNiOk7dvjI7LB28V5huImy1at4BwW6rk9WqdgOqGjjEZ0T4wxlcSurOS9-MbK76mW2khyTcOF67H4cG&xkcb=SoBB6_M32gDf2RzZjx0LbzkdCdPP&camk=nUmJqO2E8rhpkDRYzokOJw==&p=0&fvj=0&vjs=3
Full Stack Developer,CG VIZ STUDIO,CG VIZ STUDIORemote,,https://in.indeed.com/pagead/clk?mo=r&ad=-6NYlbfkN0DgWQ7Y-tiVz_roB8AXD3rBi4yAxnlwB-hI2zW0cU0Jfe_YdFpyiGv3HkGfUhwzd9LokNKtQ8zg6U3thCx7pV51Z9BvsFbJCxLJU-alQOjPOGUDDUtdioMrTj5nFLzESaE78orPt8cFAG-R-mM6T5uSmWe7LEWkeMtQoAtRhdHfdmRXz-ryMRw3VsTEgpreUqckgoLioIlWQBMd4rewdLJA91tAy27B75JZF-dJRcikts4xjhGvIcFI4gwiK1GkLt1pXFHQ4u_fO8nwWIh0uOIml2rk8UY9ThPk7h99eTC3Lsn17o2IFBDRuxktGBXXSMd_BHNOJjbACZ4CTfN4-WyPNHvTC2QlIXBluakD7L_tO4ztU_4kJMBRl1T8xJCRNVOVeSKylwv7IU6PDkbWPeYFFi9ICUcBGLlPIc9vZ-SnVk4p3fr5w_kU_JlABcG7ecLHO_BrRaStaLbAFhhgMCXyF8MS4HxvOXRxfv0iPxlwVzOdrKzShwzENaxve9TFf2lL20OvaTXPTvljxm0zrljzIhKOe3ywo3TGroXtOck98AwNT9Y8A7QRFYPSA1slTfw6dYTe7ENAQL1hrEAQc9P56-RysKYk0ttSP_3GXcZsVPzmLykGOMhTZWREd8eXy-4gI1QlJ6DNYm9n9t08G7K1&xkcb=SoD16_M32gDf2RzZjx0KbzkdCdPP&camk=ethIe0s0hedd7KeT7EsxCw==&p=1&fvj=0&vjs=3
JavaScript Developer,Atalef.ai,Atalef.aiRemote,,https://in.indeed.com/rc/clk?jk=38489545db90fe32&bb=Ut4je6ZbiM_k7UZ-Qtc4JG0xlObfM3-EK3mHDHeJEQWrxJT4agPfBMxCTrRJ5YOhaqRVh_IWesqJraSgkaiqH90j6W50AygSe5VGe9Qr960AqWgxO5YKZaEqrdFsxkBz&xkcb=SoCc67M32gDf2RzZjx0JbzkdCdPP&fccid=40af4ceb75c3bce5&cmp=Atalef.ai&ti=Javascript+Developer&vjs=3
Web Developer,Frozen Fox Studio LLP,Frozen Fox Studio LLPRemote,,https://in.indeed.com/rc/clk?jk=39235b89c14e0288&bb=Ut4je6ZbiM_k7UZ-Qtc4JHdreHoguW9JFb7rwS0E38k23Ds5xFoHr8SF75XJ9-zIo8s1QewgyjUyKPHvs78uM6RQidL7dO6e_Wdg_N9wbauH0lIkgz6FI-YomfR0As4E&xkcb=SoAo67M32gDf2RzZjx0IbzkdCdPP&fccid=00c8c35bee5ad351&cmp=Frozen-Fox-Studio-LLP&ti=Web+Developer&vjs=3
Freelance Web Developer,Yashaa Digital,Yashaa DigitalRemote,,https://in.indeed.com/rc/clk?jk=6535fc9184861651&bb=Ut4je6ZbiM_k7UZ-Qtc4JJyNyApWANmMCykQps16xm7HiAlGaDUrSmEnQLi16Ba6B5lPlTZsnX-qD_dMn_Ex2MPYS5xnM3OEBk04ZZ4MOzzSUwYzn5z7jXXMWh38MWzU&xkcb=SoCm67M32gDf2RzZjx0PbzkdCdPP&fccid=5b222d4c87e357b2&cmp=Yashaa-Digital&ti=Web+Developer&vjs=3
Intern Web Developer,Digital Dadi,Digital DadiRemote,,https://in.indeed.com/rc/clk?jk=666283ade0353596&bb=Ut4je6ZbiM_k7UZ-Qtc4JKD2IuWKyPp5JeE3mOd8gaZEGnhyK4ljjY6bINLWcdL-Mb8aNpDPAa7jqeIWHRj6pFpUHsIL1ZsmMPJ2Kv4a7_OhYrwCWk-3x7S1-bpP_xjN&xkcb=SoAS67M32gDf2RzZjx0ObzkdCdPP&fccid=6292d0d12e9ea5e4&cmp=Digital-Dadi&ti=Web+Developer&vjs=3
Junior Web Developer,Zonopact India Pvt. Ltd.,Zonopact India Pvt. Ltd.Remote,,https://in.indeed.com/rc/clk?jk=081c23d3ce94c667&bb=Ut4je6ZbiM_k7UZ-Qtc4JHojc-_Fj7FYLP_QwwiWQJbuBWIyY3cgGtCHARw6nCQVyr5wfO6yhXENaadgFd2gxZnhSOHv_XxbZLuWawTs94EolBTBeoZ8Mbg7P3t_Q6xA&xkcb=SoCP67M32gDf2RzZjx0NbzkdCdPP&fccid=e16c37b849a58f70&cmp=Zonopact-India-Pvt.-Ltd.&ti=Web+Developer&vjs=3
Web Designer (Remote),Park Academy,Park AcademyRemote,,https://in.indeed.com/rc/clk?jk=288eebc09dbbce38&bb=Ut4je6ZbiM_k7UZ-Qtc4JBOxezikzI98pSDREQxjO2AZhU7MHsI12oMXFdOwWRpTmkMKYcQ5seUpbeeUhKG69kLHvZ7pck297yxxsp2jWySdgSOGyqk7wAMyacjYllhc&xkcb=SoA767M32gDf2RzZjx0MbzkdCdPP&fccid=4c78109ac56c60a1&cmp=PARK-ACADEMY&ti=Web+Designer&vjs=3
Web Development Intern,Crapcycle waste solutions pvt ltd,Crapcycle waste solutions pvt ltdRemote,,https://in.indeed.com/rc/clk?jk=cb1bc8ad53ace4ad&bb=Ut4je6ZbiM_k7UZ-Qtc4JMWzTLXNZLptnQzXgqDUIpQu12QcE6pzWM0RZfaTjgEvkgnGPLlGoKFHHgtmyNYaGComQJBGJKcSPsy66Bi4Cmr2AoQd6k7DmWxVYE6d27oq&xkcb=SoDS67M32gDf2RzZjx0DbzkdCdPP&fccid=2916418a5f70cac3&cmp=Kiiara-Analytics-Pvt-Ltd.&ti=Web+Developer&vjs=3
Intern Web Developer,HTML MY DESIGN,HTML MY DESIGNRemote,,https://in.indeed.com/rc/clk?jk=cffd1ae1d45c4e1a&bb=Ut4je6ZbiM_k7UZ-Qtc4JEnkmemxlhELjMdaY-omd83Mv18RAWGNYvznIJC-YOqAJBJAZdO0dZsmkCfh0ranvpu-oZM0QrnbvDimia4_sgJizV3IVhwiemRo_KyMK1on&xkcb=SoBm67M32gDf2RzZjx0CbzkdCdPP&fccid=74a16b8f834b630e&cmp=HTML-My-Design&ti=Web+Developer&vjs=3
Web Developer Intern,SM Digital Technologies,SM Digital TechnologiesRemote,,https://in.indeed.com/rc/clk?jk=a4e01aea0519d04e&bb=Ut4je6ZbiM_k7UZ-Qtc4JP9UR-jLsme4xz_KoBmHL4F0Om6Cp5hpKVJkrYbcfF5jVipjWvFX3urx13iiO4GBSANST0by6F3evyK-aekOhX0XMiU9BBP8tQN8l-bD2pQ7&xkcb=SoD767M32gDf2RzZjx0BbzkdCdPP&fccid=2fc31ddc84c51e39&cmp=SM-Digital-Technologies&ti=Web+Developer&vjs=3
Web Developer,Webmart Services,Webmart ServicesRemote,,https://in.indeed.com/rc/clk?jk=7756bdfd3a0ae613&bb=Ut4je6ZbiM_k7UZ-Qtc4JGwa8WxYX93s8qdeaNVrJu70bGeeDXoaLNLUdHR7srl2wvBhuJ_c9yh6ogPf9N5agT6fg5EqA8jeCafAvEtU7Z_d7HT5KjQSj9IqANIeu369&xkcb=SoBP67M32gDf2RzZjx0AbzkdCdPP&fccid=e15bd04dabaed788&cmp=Webmart-services&ti=Web+Developer&vjs=3
Web Developer Intern (Custom Web Project Development),Markitzen,MarkitzenRemote,,https://in.indeed.com/rc/clk?jk=900f3938f4b4a4f6&bb=Ut4je6ZbiM_k7UZ-Qtc4JEWHCfRMspOZ6l-aIrt4pu4h-tpjePkBjmPCuu0SEhVV8aV0boDH7idDMB-VzBfDEpijCFrLRY_cihNnNdvnW4dJYoTTWd8plS28qHP2ORia&xkcb=SoDB67M32gDf2RzZjx0HbzkdCdPP&fccid=dd616958bd9ddc12&cmp=Markitzen&ti=Web+Developer&vjs=3
Web Developer Intern,The Goat Trust,The Goat TrustRemote,,https://in.indeed.com/rc/clk?jk=e40aab35122a8d8c&bb=Ut4je6ZbiM_k7UZ-Qtc4JCIqgojntSnuny8EdfMJkAW53qlOObt7R58QunhGjGXwwvxDjh7-XpO3pqee9WVy7fnstR7oo0AJFokGVSous6w4fl9_rFKoDP-LC9aJrL7w&xkcb=SoB167M32gDf2RzZjx0GbzkdCdPP&fccid=e2d282876240c57a&cmp=The-GOat-Trust&ti=Web+Developer&vjs=3
Web Designer,Xianinfotech LLP,Xianinfotech LLPRemote,,https://in.indeed.com/rc/clk?jk=d4ad193be1aa20aa&bb=Ut4je6ZbiM_k7UZ-Qtc4JLEIIb3IYAjwrTJm_YMneWd6TCtoRl8PevaVDkHRnv3TCKkxdRELwtis7lqh7ZywDenOYui6Han2RRgUF8g52k96scIpnTVe1IbTsmZBEYba&xkcb=SoDo67M32gDf2RzZjx0FbzkdCdPP&fccid=20063ac5a45312a8&cmp=xianinfotech&ti=Web+Designer&vjs=3
